chunk,lag_ms_written,measured_lag_ms,peak,fallback
chunk_001,3348.5,3348.5,0.421,False
chunk_002,3402.6,3402.6,0.704,False
chunk_003,3353.8,3353.8,0.873,False
chunk_004,3398.3,3398.3,0.896,False
chunk_005,3366.0,3366.0,0.522,False
chunk_006,3366.2,3331.2,0.256,True
chunk_007,3410.5,3410.5,0.697,False
chunk_008,3388.5,3388.5,0.53,False
chunk_009,3357.0,3357.0,0.614,False
chunk_010,3372.1,3372.1,0.695,False
chunk_011,3332.5,3332.5,0.799,False
chunk_012,3347.8,3347.8,0.829,False
chunk_013,3344.4,3344.4,0.852,False
chunk_014,3366.2,3374.8,0.195,True
chunk_015,3360.7,3360.7,0.784,False
chunk_016,3341.3,3341.3,0.683,False
chunk_017,3432.3,3432.3,0.554,False
chunk_018,3346.1,3346.1,0.835,False
chunk_019,3366.2,3309.8,0.237,True
chunk_020,3413.0,3413.0,0.829,False
chunk_021,3397.8,3397.8,0.674,False
chunk_022,3394.1,3394.1,0.802,False
chunk_023,3344.9,3344.9,0.769,False
chunk_024,3400.4,3400.4,0.85,False
chunk_025,3352.8,3352.8,0.707,False
chunk_026,3351.3,3351.3,0.841,False
chunk_027,3353.0,3353.0,0.77,False
chunk_028,3397.7,3397.7,0.676,False
chunk_029,3364.2,3364.2,0.728,False
chunk_030,3355.3,3355.3,0.817,False
chunk_031,3361.4,3361.4,0.787,False
chunk_032,3366.2,3354.7,0.188,True
chunk_033,3387.9,3387.9,0.774,False
chunk_034,3387.8,3387.8,0.814,False
chunk_035,3359.1,3359.1,0.661,False
chunk_036,3379.0,3379.0,0.495,False
chunk_037,3364.2,3364.2,0.826,False
chunk_038,3364.1,3364.1,0.69,False
chunk_039,3382.5,3382.5,0.79,False
chunk_040,3405.8,3405.8,0.614,False
chunk_041,3366.2,3366.2,0.419,False
chunk_042,3395.8,3395.8,0.695,False
chunk_043,3385.6,3385.6,0.716,False
chunk_044,3357.3,3357.3,0.8,False
chunk_045,3352.7,3352.7,0.821,False
chunk_046,3408.1,3408.1,0.455,False
chunk_047,3319.5,3319.5,0.71,False
chunk_048,3358.0,3358.0,0.84,False
chunk_049,3354.6,3354.6,0.738,False
chunk_050,3366.2,3366.2,0.779,False
chunk_051,3350.0,3350.0,0.871,False
chunk_052,3330.4,3330.4,0.405,False
chunk_053,3351.2,3351.2,0.553,False
chunk_054,3350.3,3350.3,0.662,False
chunk_055,3384.9,3384.9,0.685,False
chunk_056,3397.9,3397.9,0.704,False
chunk_057,3379.0,3379.0,0.756,False
chunk_058,3372.9,3372.9,0.763,False
chunk_059,3356.3,3356.3,0.845,False
chunk_060,3371.3,3371.3,0.581,False
chunk_061,3301.9,3301.9,0.805,False
chunk_062,3362.1,3362.1,0.773,False
chunk_063,3364.2,3364.2,0.85,False
chunk_064,3383.6,3383.6,0.852,False
chunk_065,3355.7,3355.7,0.775,False
chunk_066,3386.6,3386.6,0.769,False
chunk_067,3356.4,3356.4,0.81,False
chunk_068,3348.5,3348.5,0.783,False
chunk_069,3404.3,3404.3,0.851,False
chunk_070,3377.8,3377.8,0.776,False
chunk_071,3350.5,3350.5,0.846,False
chunk_072,3308.7,3308.7,0.748,False
chunk_073,3391.4,3391.4,0.814,False
chunk_074,3352.6,3352.6,0.884,False
chunk_075,3388.6,3388.6,0.79,False
chunk_076,3367.7,3367.7,0.883,False
chunk_077,3336.9,3336.9,0.714,False
chunk_078,3373.5,3373.5,0.775,False
chunk_079,3399.1,3399.1,0.891,False
chunk_080,3421.7,3421.7,0.812,False
chunk_081,3359.2,3359.2,0.853,False
chunk_082,3355.7,3355.7,0.832,False
chunk_083,3357.5,3357.5,0.814,False
chunk_084,3394.8,3394.8,0.848,False
chunk_085,3363.5,3363.5,0.827,False
chunk_086,3347.1,3347.1,0.798,False
chunk_087,3389.6,3389.6,0.81,False
chunk_088,3357.1,3357.1,0.83,False
chunk_089,3398.5,3398.5,0.806,False
chunk_090,3355.9,3355.9,0.834,False
chunk_091,3379.1,3379.1,0.78,False
chunk_092,3384.8,3384.8,0.747,False
chunk_093,3406.2,3406.2,0.853,False
chunk_094,3350.8,3350.8,0.873,False
chunk_095,3368.2,3368.2,0.788,False
chunk_096,3360.6,3360.6,0.812,False
chunk_097,3353.4,3353.4,0.859,False
chunk_098,3332.0,3332.0,0.785,False
chunk_099,3365.0,3365.0,0.765,False
chunk_100,3359.2,3359.2,0.85,False
chunk_101,3383.0,3383.0,0.807,False
chunk_102,3366.2,3366.2,0.805,False
chunk_103,3382.8,3382.8,0.778,False
chunk_104,3374.4,3374.4,0.77,False
chunk_105,3327.6,3327.6,0.811,False
chunk_106,3346.7,3346.7,0.883,False
chunk_107,3369.6,3369.6,0.842,False
chunk_108,3362.7,3362.7,0.804,False
chunk_109,3368.2,3368.2,0.815,False
chunk_110,3362.5,3362.5,0.792,False
chunk_111,3352.5,3352.5,0.837,False
chunk_112,3362.1,3362.1,0.793,False
chunk_113,3311.7,3311.7,0.829,False
chunk_114,3396.0,3396.0,0.807,False
chunk_115,3375.9,3375.9,0.781,False
chunk_116,3397.9,3397.9,0.877,False
chunk_117,3378.4,3378.4,0.808,False
chunk_118,3324.2,3324.2,0.731,False
chunk_119,3360.6,3360.6,0.84,False
chunk_120,3363.0,3363.0,0.755,False
chunk_121,3369.0,3369.0,0.82,False
chunk_122,3315.6,3315.6,0.794,False
chunk_123,3350.8,3350.8,0.857,False
chunk_124,3400.4,3400.4,0.637,False
chunk_125,3395.6,3395.6,0.918,False
chunk_126,3355.5,3355.5,0.798,False
chunk_127,3366.8,3366.8,0.772,False
chunk_128,3340.7,3340.7,0.789,False
chunk_129,3358.4,3358.4,0.871,False
chunk_130,3370.6,3370.6,0.789,False
chunk_131,3376.4,3376.4,0.786,False
chunk_132,3355.5,3355.5,0.884,False
chunk_133,3360.6,3360.6,0.685,False
chunk_134,3379.4,3379.4,0.63,False
chunk_135,3362.1,3362.1,0.759,False
chunk_136,3355.7,3355.7,0.862,False
chunk_137,3396.0,3396.0,0.833,False
chunk_138,3374.2,3374.2,0.789,False
chunk_139,3386.0,3386.0,0.785,False
chunk_140,3390.9,3390.9,0.835,False
chunk_141,3393.9,3393.9,0.715,False
chunk_142,3369.6,3369.6,0.706,False
chunk_143,3355.7,3355.7,0.893,False
chunk_144,3350.0,3350.0,0.89,False
chunk_145,3371.2,3371.2,0.715,False
chunk_146,3386.1,3386.1,0.845,False
chunk_147,3354.0,3354.0,0.854,False
chunk_148,3393.0,3393.0,0.805,False
chunk_149,3369.8,3369.8,0.787,False
chunk_150,3388.5,3388.5,0.861,False
chunk_151,3402.6,3402.6,0.807,False
chunk_152,3389.5,3389.5,0.813,False
chunk_153,3376.5,3376.5,0.721,False
chunk_154,3343.3,3343.3,0.845,False
chunk_155,3346.3,3346.3,0.829,False
chunk_156,3371.9,3371.9,0.733,False
chunk_157,3347.7,3347.7,0.865,False
chunk_158,3355.5,3355.5,0.876,False
chunk_159,3374.0,3374.0,0.752,False
chunk_160,3392.0,3392.0,0.864,False
chunk_161,3406.3,3406.3,0.77,False
chunk_162,3393.3,3393.3,0.708,False
chunk_163,3394.9,3394.9,0.83,False
chunk_164,3354.5,3354.5,0.856,False
chunk_165,3369.4,3369.4,0.77,False
chunk_166,3372.3,3372.3,0.582,False
chunk_167,3351.5,3351.5,0.843,False
chunk_168,3344.9,3344.9,0.844,False
chunk_169,3376.5,3376.5,0.755,False
chunk_170,3375.2,3375.2,0.818,False
chunk_171,3357.6,3357.6,0.809,False
chunk_172,3399.5,3399.5,0.895,False
chunk_173,3364.9,3364.9,0.816,False
chunk_174,3396.4,3396.4,0.795,False
chunk_175,3376.5,3376.5,0.801,False
chunk_176,3350.6,3350.6,0.843,False
chunk_177,3360.3,3360.3,0.845,False
chunk_178,3352.8,3352.8,0.632,False
chunk_179,3341.8,3341.8,0.823,False
chunk_180,3366.8,3366.8,0.84,False
chunk_181,3379.2,3379.2,0.802,False
chunk_182,3377.1,3377.1,0.774,False
chunk_183,3386.9,3386.9,0.761,False
chunk_184,3406.0,3406.0,0.729,False
chunk_185,3377.7,3377.7,0.759,False
chunk_186,3356.4,3356.4,0.804,False
chunk_187,3342.6,3342.6,0.87,False
chunk_188,3349.6,3349.6,0.767,False
chunk_189,3355.2,3355.2,0.873,False
chunk_190,3403.3,3403.3,0.863,False
chunk_191,3393.1,3393.1,0.878,False
chunk_192,3356.5,3356.5,0.827,False
chunk_193,3375.8,3375.8,0.769,False
chunk_194,3376.6,3376.6,0.666,False
chunk_195,3387.1,3387.1,0.597,False
chunk_196,3365.4,3365.4,0.838,False
