chunk,old_lag_ms,new_lag_ms,peak_xcorr,n_frames
chunk_001,321.3,321.3,0.391,1200
chunk_002,248.7,248.7,0.924,1200
chunk_003,144.5,144.5,0.913,1200
chunk_004,79.9,79.9,0.833,1200
chunk_005,335.7,335.7,0.748,1200
chunk_006,234.1,234.1,0.652,1200
chunk_007,247.7,247.7,0.822,1200
chunk_008,343.2,343.2,0.683,1200
chunk_009,337.0,337.0,0.804,1200
chunk_010,87.1,87.1,0.867,1200
chunk_011,186.2,186.2,0.864,1200
chunk_012,297.1,297.1,0.894,1200
chunk_013,333.2,333.2,0.825,1200
chunk_014,292.0,292.0,0.663,1200
chunk_015,121.8,121.8,0.852,1200
chunk_016,357.6,357.6,0.753,1200
chunk_017,314.8,314.8,0.798,1200
chunk_018,341.1,341.1,0.902,1200
chunk_019,344.9,344.9,0.673,1200
chunk_020,91.3,91.3,0.893,1200
chunk_021,318.1,318.1,0.662,1200
chunk_022,233.1,233.1,0.822,1200
chunk_023,78.3,78.3,0.84,1200
chunk_024,79.9,79.9,0.851,1200
chunk_025,320.2,320.2,0.771,1200
chunk_026,320.5,320.5,0.842,1200
chunk_027,188.2,188.2,0.862,1200
chunk_028,349.0,349.0,0.93,1200
chunk_029,334.2,334.2,0.865,1200
chunk_030,349.2,349.2,0.908,1200
chunk_031,95.8,95.8,0.911,1200
chunk_032,327.4,327.4,0.269,1200
chunk_033,319.9,319.9,0.784,1200
chunk_034,328.1,328.1,0.802,1200
chunk_035,272.8,272.8,0.799,1200
chunk_036,327.0,327.0,0.78,1200
chunk_037,95.6,95.6,0.865,1200
chunk_038,337.7,337.7,0.835,1200
chunk_039,187.7,187.7,0.893,1200
chunk_040,328.1,328.1,0.773,1200
chunk_041,347.0,347.0,0.718,1200
chunk_042,343.9,343.9,0.886,1200
chunk_043,331.4,331.4,0.858,1200
chunk_044,144.4,144.4,0.875,1200
chunk_045,348.0,348.0,0.935,1200
chunk_046,342.2,342.2,0.7,1200
chunk_047,325.3,325.3,0.784,1200
chunk_048,308.4,308.4,0.91,1200
chunk_049,346.1,346.1,0.913,1200
chunk_050,305.5,305.5,0.91,1200
chunk_051,286.3,286.3,0.891,1200
chunk_052,331.6,331.6,0.711,1200
chunk_053,323.8,323.8,0.721,1200
chunk_054,343.6,343.6,0.85,1200
chunk_055,173.0,173.0,0.783,1200
chunk_056,347.5,347.5,0.836,1200
chunk_057,346.6,346.6,0.923,1200
chunk_058,348.4,348.4,0.918,1200
chunk_059,101.9,101.9,0.927,1200
chunk_060,347.9,347.9,0.858,1200
chunk_061,133.8,133.8,0.881,1200
chunk_062,339.2,339.2,0.823,1200
chunk_063,45.3,45.3,0.936,1200
chunk_064,331.7,331.7,0.865,1200
chunk_065,242.8,242.8,0.892,1200
chunk_066,256.6,256.6,0.909,1200
chunk_067,193.7,193.7,0.806,1200
chunk_068,351.8,351.8,0.827,1200
chunk_069,313.1,313.1,0.881,1200
chunk_070,336.5,336.5,0.886,1200
chunk_071,131.8,131.8,0.826,1200
chunk_072,344.9,344.9,0.797,1200
chunk_073,347.2,347.2,0.885,1200
chunk_074,145.8,145.8,0.895,1200
chunk_075,297.9,297.9,0.903,1200
chunk_076,25.0,25.0,0.86,1200
chunk_077,274.8,274.8,0.837,1200
chunk_078,291.9,291.9,0.92,1200
chunk_079,136.1,136.1,0.9,1200
chunk_080,327.2,327.2,0.839,1200
chunk_081,153.1,153.1,0.898,1200
chunk_082,143.8,143.8,0.925,1200
chunk_083,328.8,328.8,0.768,1200
chunk_084,89.8,89.8,0.892,1200
chunk_085,342.2,342.2,0.92,1200
chunk_086,139.4,139.4,0.912,1200
chunk_087,233.8,233.8,0.819,1200
chunk_088,284.8,284.8,0.868,1200
chunk_089,324.4,324.4,0.784,1200
chunk_090,288.4,288.4,0.895,1200
chunk_091,355.2,355.2,0.912,1200
chunk_092,331.5,331.5,0.801,1200
chunk_093,344.2,344.2,0.89,1200
chunk_094,333.6,333.6,0.889,1200
chunk_095,328.7,328.7,0.822,1200
chunk_096,282.1,282.1,0.832,1200
chunk_097,80.9,80.9,0.874,1200
chunk_098,342.1,342.1,0.897,1200
chunk_099,342.1,342.1,0.873,1200
chunk_100,349.0,349.0,0.944,1200
chunk_101,94.6,94.6,0.918,1200
chunk_102,343.9,343.9,0.921,1200
chunk_103,337.8,337.8,0.843,1200
chunk_104,341.6,341.6,0.915,1200
chunk_105,97.2,97.2,0.952,1200
chunk_106,345.2,345.2,0.905,1200
chunk_107,142.9,142.9,0.878,1200
chunk_108,334.6,334.6,0.876,1200
chunk_109,347.4,347.4,0.937,1200
chunk_110,336.9,336.9,0.871,1200
chunk_111,333.2,333.2,0.881,1200
chunk_112,243.9,243.9,0.918,1200
chunk_113,232.6,232.6,0.84,1200
chunk_114,341.3,341.3,0.849,1200
chunk_115,289.9,289.9,0.924,1200
chunk_116,47.3,47.3,0.919,1200
chunk_117,351.1,351.1,0.931,1200
chunk_118,197.8,197.8,0.914,1200
chunk_119,108.9,108.9,0.808,1200
chunk_120,238.0,238.0,0.869,1200
chunk_121,336.8,336.8,0.892,1200
chunk_122,287.8,287.8,0.884,1200
chunk_123,200.9,200.9,0.937,1200
chunk_124,327.8,327.8,0.77,1200
chunk_125,17.6,17.6,0.904,1200
chunk_126,342.2,342.2,0.883,1200
chunk_127,195.4,195.4,0.923,1200
chunk_128,352.7,352.7,0.823,1200
chunk_129,340.1,340.1,0.902,1200
chunk_130,284.7,284.7,0.857,1200
chunk_131,342.1,342.1,0.869,1200
chunk_132,85.5,85.5,0.906,1200
chunk_133,278.1,278.1,0.751,1200
chunk_134,347.7,347.7,0.869,1200
chunk_135,341.4,341.4,0.902,1200
chunk_136,179.8,179.8,0.883,1200
chunk_137,337.1,337.1,0.887,1200
chunk_138,340.8,340.8,0.912,1200
chunk_139,345.3,345.3,0.91,1200
chunk_140,146.1,146.1,0.914,1200
chunk_141,326.8,326.8,0.857,1200
chunk_142,349.4,349.4,0.921,1200
chunk_143,88.7,88.7,0.906,1200
chunk_144,322.8,322.8,0.854,1200
chunk_145,343.2,343.2,0.862,1200
chunk_146,170.0,170.0,0.874,1200
chunk_147,347.9,347.9,0.933,1200
chunk_148,100.2,100.2,0.915,1200
chunk_149,99.6,99.6,0.944,1200
chunk_150,311.5,311.5,0.924,1200
chunk_151,139.6,139.6,0.86,1200
chunk_152,351.5,351.5,0.905,1200
chunk_153,319.1,319.1,0.87,1200
chunk_154,348.3,348.3,0.907,1200
chunk_155,280.1,280.1,0.834,1200
chunk_156,342.6,342.6,0.9,1200
chunk_157,180.6,180.6,0.876,1200
chunk_158,332.7,332.7,0.871,1200
chunk_159,336.9,336.9,0.881,1200
chunk_160,132.7,132.7,0.877,1200
chunk_161,231.2,231.2,0.856,1200
chunk_162,0.0,339.3,0.859,1200
chunk_163,0.0,324.7,0.853,1200
chunk_164,0.0,278.4,0.85,1200
chunk_165,0.0,327.4,0.804,1200
chunk_166,0.0,313.7,0.782,1200
chunk_167,0.0,239.0,0.89,1200
chunk_168,0.0,294.1,0.915,1200
chunk_169,0.0,266.6,0.879,1200
chunk_170,0.0,335.5,0.877,1200
chunk_171,0.0,261.8,0.869,1200
chunk_172,0.0,235.2,0.882,1200
chunk_173,0.0,351.3,0.898,1200
chunk_174,0.0,332.7,0.866,1200
chunk_175,0.0,337.7,0.897,1200
chunk_176,0.0,314.3,0.863,1200
chunk_177,0.0,310.9,0.911,1200
chunk_178,0.0,339.7,0.772,1200
chunk_179,0.0,342.8,0.893,1200
chunk_180,0.0,348.4,0.94,1200
chunk_181,0.0,290.1,0.915,1200
chunk_182,0.0,167.5,0.827,1200
chunk_183,0.0,321.3,0.815,1200
chunk_184,0.0,327.1,0.826,1200
chunk_185,0.0,136.0,0.876,1200
chunk_186,0.0,333.2,0.818,1200
chunk_187,0.0,143.3,0.931,1200
chunk_188,0.0,335.7,0.808,1200
chunk_189,0.0,351.2,0.932,1200
chunk_190,0.0,244.2,0.914,1200
chunk_191,0.0,190.7,0.916,1200
chunk_192,0.0,347.7,0.869,1200
chunk_193,0.0,327.6,0.805,1200
chunk_194,0.0,314.9,0.877,1200
chunk_195,0.0,346.2,0.775,1200
chunk_196,0.0,241.1,0.931,1200
chunk_197,0.0,354.8,0.912,1200
chunk_198,0.0,155.0,0.938,1200
chunk_199,0.0,324.7,0.824,1200
chunk_200,0.0,268.0,0.701,1200
chunk_201,0.0,190.8,0.92,1200
chunk_202,0.0,99.3,0.848,1200
